Player,Nation,Pos,Squad,Age,Born,MP,Starts,Min,90s,Gls,Ast,G+A,G-PK,PK,PKatt,CrdY,CrdR,xG,npxG,xAG,npxG+xAG
Max Aarons,ENG,DF,Norwich City,21,2000,34,32,2881,32.0,0,2,2,0,0,0,8,0,0.8,0.8,1.7,2.5
Che Adams,SCO,FW,Southampton,25,1996,30,23,2039,22.7,7,3,10,7,0,0,0,0,7.1,7.1,3.0,10.1
Rayan Aït Nouri,FRA,"DF,MF",Wolves,20,2001,23,20,1828,20.3,1,2,3,1,0,0,4,0,0.6,0.6,1.6,2.2
Kristoffer Ajer,NOR,DF,Brentford,23,1998,24,23,1995,22.2,1,3,4,1,0,0,5,0,0.8,0.8,1.7,2.5
Nathan Aké,NED,DF,Manchester City,26,1995,14,10,923,10.3,2,0,2,2,0,0,0,0,0.7,0.7,0.6,1.2
Marc Albrighton,ENG,"FW,DF",Leicester City,31,1989,17,11,1132,12.6,1,2,3,1,0,0,3,0,0.5,0.5,2.0,2.5
Thiago Alcántara,ESP,MF,Liverpool,30,1991,25,17,1534,17.0,1,4,5,1,0,0,2,0,1.9,1.9,2.3,4.2
Trent Alexander-Arnold,ENG,DF,Liverpool,22,1998,32,32,2853,31.7,2,12,14,2,0,0,2,0,2.4,2.4,12.0,14.4
Alisson,BRA,GK,Liverpool,28,1992,36,36,3240,36.0,0,1,1,0,0,0,0,0,0.0,0.0,0.2,0.2
Allan,BRA,MF,Everton,30,1991,28,25,2183,24.3,0,2,2,0,0,0,7,1,0.2,0.2,0.8,1.1
Dele Alli,ENG,MF,Tottenham,25,1996,10,8,657,7.3,1,0,1,0,1,1,1,0,1.6,0.8,0.3,1.1
Dele Alli,ENG,"MF,FW",Everton,25,1996,11,1,338,3.8,0,0,0,0,0,0,3,0,0.1,0.1,0.4,0.5
Miguel Almirón,PAR,"MF,FW",Newcastle Utd,27,1994,30,19,1716,19.1,1,0,1,1,0,0,2,0,1.7,1.7,0.9,2.6
Marcos Alonso,ESP,DF,Chelsea,30,1990,28,25,2167,24.1,4,4,8,4,0,0,8,0,2.8,2.8,4.5,7.3
Steven Alzate,COL,MF,Brighton,22,1998,9,5,404,4.5,0,0,0,0,0,0,0,0,0.1,0.1,0.2,0.2
Daniel Amartey,GHA,DF,Leicester City,26,1994,28,23,2123,23.6,0,0,0,0,0,0,4,0,0.0,0.0,0.2,0.2
Joachim Andersen,DEN,DF,Crystal Palace,25,1996,34,32,2916,32.4,0,3,3,0,0,0,4,0,0.7,0.7,1.7,2.4
Michail Antonio,JAM,FW,West Ham,31,1990,36,34,2971,33.0,10,8,18,10,0,1,8,1,10.8,10.2,6.0,16.2
Cameron Archer,ENG,"FW,MF",Aston Villa,20,2001,3,0,27,0.3,0,0,0,0,0,0,0,0,0.0,0.0,0.0,0.0
Alphonse Areola,FRA,GK,West Ham,28,1993,1,1,90,1.0,0,0,0,0,0,0,0,0,0.0,0.0,0.0,0.0
Adam Armstrong,ENG,FW,Southampton,24,1997,23,17,1413,15.7,2,2,4,2,0,0,1,0,4.5,4.5,1.6,6.2
Stuart Armstrong,SCO,MF,Southampton,29,1992,25,15,1473,16.4,2,0,2,2,0,0,1,0,2.5,2.5,1.5,4.0
Kepa Arrizabalaga,ESP,GK,Chelsea,26,1994,4,4,360,4.0,0,0,0,0,0,0,0,0,0.0,0.0,0.0,0.0
Harrison Ashby,SCO,DF,West Ham,19,2001,1,0,7,0.1,0,0,0,0,0,0,0,0,0.0,0.0,0.0,0.0
Pierre-Emerick Aubameyang,GAB,FW,Arsenal,32,1989,14,12,1037,11.5,4,1,5,4,0,2,3,0,5.9,4.2,1.0,5.2
Jordan Ayew,GHA,FW,Crystal Palace,29,1991,31,23,2019,22.4,3,3,6,3,0,0,2,0,3.1,3.1,2.8,5.9
Luke Ayling,ENG,DF,Leeds United,29,1991,26,26,2272,25.2,2,2,4,2,0,0,4,1,1.2,1.2,1.8,3.1
César Azpilicueta,ESP,DF,Chelsea,31,1989,27,24,2070,23.0,1,2,3,1,0,0,3,0,0.9,0.9,1.8,2.6
Daniel Bachmann,AUT,GK,Watford,27,1994,12,12,1080,12.0,0,0,0,0,0,0,0,0,0.0,0.0,0.0,0.0
Leon Bailey,JAM,"FW,MF",Aston Villa,23,1997,18,7,761,8.5,1,2,3,1,0,0,3,0,1.5,1.5,0.8,2.3
Eric Bailly,CIV,DF,Manchester Utd,27,1994,4,3,217,2.4,0,0,0,0,0,0,1,0,0.0,0.0,0.0,0.0
Folarin Balogun,ENG,FW,Arsenal,20,2001,2,1,70,0.8,0,0,0,0,0,0,0,0,0.2,0.2,0.0,0.2
Patrick Bamford,ENG,FW,Leeds United,27,1993,9,7,559,6.2,2,2,4,2,0,0,2,0,3.0,3.0,1.1,4.0
Shandon Baptiste,GRN,MF,Brentford,23,1998,22,9,910,10.1,1,0,1,1,0,0,2,1,0.7,0.7,0.5,1.3
Ross Barkley,ENG,"MF,FW",Chelsea,27,1993,6,1,179,2.0,1,0,1,1,0,0,0,0,1.0,1.0,0.5,1.5
Ashley Barnes,ENG,FW,Burnley,31,1989,23,8,808,9.0,1,0,1,0,1,1,4,0,2.1,1.4,0.9,2.2
Harvey Barnes,ENG,"FW,MF",Leicester City,23,1997,32,24,2101,23.3,6,10,16,6,0,0,2,0,5.6,5.6,4.6,10.2
Lewis Bate,ENG,MF,Leeds United,18,2002,3,1,146,1.6,0,0,0,0,0,0,0,0,0.0,0.0,0.0,0.0
Mads Bech Sørensen,DEN,DF,Brentford,22,1999,11,9,835,9.3,0,0,0,0,0,0,3,0,0.1,0.1,0.4,0.4
Jan Bednarek,POL,DF,Southampton,25,1996,31,30,2629,29.2,4,0,4,4,0,0,10,0,2.2,2.2,0.4,2.6
Donny van de Beek,NED,MF,Manchester Utd,24,1997,8,0,75,0.8,1,0,1,1,0,0,0,0,0.5,0.5,0.4,0.9
Donny van de Beek,NED,MF,Everton,24,1997,7,5,483,5.4,1,0,1,1,0,0,1,0,1.1,1.1,0.1,1.1
Asmir Begović,BIH,GK,Everton,34,1987,3,3,270,3.0,0,0,0,0,0,0,0,0,0.0,0.0,0.0,0.0
Saïd Benrahma,ALG,"FW,MF",West Ham,25,1995,32,26,2168,24.1,8,6,14,8,0,0,0,0,4.8,4.8,3.7,8.5
Rodrigo Bentancur,URU,MF,Tottenham,24,1997,17,16,1361,15.1,0,4,4,0,0,0,5,0,0.8,0.8,2.6,3.4
Christian Benteke,BEL,FW,Crystal Palace,30,1990,25,11,1145,12.7,4,1,5,4,0,0,3,0,4.9,4.9,1.3,6.2
Jóhann Berg Guðmundsson,ISL,MF,Burnley,30,1990,18,13,1102,12.2,0,1,1,0,0,0,2,0,1.6,1.6,0.5,2.0
Steven Bergwijn,NED,"FW,MF",Tottenham,23,1997,25,4,565,6.3,3,1,4,3,0,0,1,0,2.5,2.5,0.9,3.5
Ryan Bertrand,ENG,DF,Leicester City,31,1989,4,4,337,3.7,0,0,0,0,0,0,1,0,0.0,0.0,0.0,0.0
Mads Bidstrup,DEN,MF,Brentford,20,2001,4,0,41,0.5,0,0,0,0,0,0,0,0,0.0,0.0,0.0,0.0
Yves Bissouma,MLI,MF,Brighton,24,1996,26,25,2111,23.5,1,2,3,1,0,0,10,0,0.9,0.9,0.8,1.7
Willy Boly,CIV,DF,Wolves,30,1991,10,10,900,10.0,0,0,0,0,0,0,1,0,0.2,0.2,0.1,0.2
Jarrod Bowen,ENG,FW,West Ham,24,1996,36,34,2983,33.1,12,10,22,12,0,0,6,0,11.9,11.9,6.1,18.0
Jarrad Branthwaite,ENG,DF,Everton,19,2002,6,4,388,4.3,1,0,1,1,0,0,0,1,0.5,0.5,0.0,0.5
Armando Broja,ALB,FW,Southampton,19,2001,32,21,1975,21.9,6,0,6,6,0,0,2,0,5.9,5.9,1.0,6.9
Josh Brownhill,ENG,MF,Burnley,25,1995,35,32,2955,32.8,2,3,5,2,0,0,10,0,1.4,1.4,2.6,3.9
Lewis Brunt,ENG,MF,Leicester City,20,2000,1,0,24,0.3,0,0,0,0,0,0,0,0,0.0,0.0,0.0,0.0
Bryan,ESP,"FW,MF",Tottenham,20,2001,9,0,94,1.0,0,0,0,0,0,0,0,0,0.1,0.1,0.1,0.2
Emi Buendía,ARG,"MF,FW",Aston Villa,24,1996,35,22,1899,21.1,4,6,10,4,0,0,1,0,3.4,3.4,5.8,9.1
Dan Burn,ENG,DF,Newcastle Utd,29,1992,16,16,1440,16.0,0,1,1,0,0,0,4,0,0.7,0.7,0.4,1.1
Dan Burn,ENG,DF,Brighton,29,1992,13,12,1022,11.4,1,0,1,1,0,0,4,0,1.6,1.5,0.5,2.0
Jack Butland,ENG,GK,Crystal Palace,28,1993,9,8,765,8.5,0,0,0,0,0,0,0,0,0.0,0.0,0.0,0.0
Sam Byram,ENG,DF,Norwich City,27,1993,15,11,1027,11.4,0,0,0,0,0,0,3,0,0.6,0.6,0.2,0.9
Willy Caballero,ARG,GK,Southampton,39,1981,2,2,180,2.0,0,0,0,0,0,0,1,0,0.0,0.0,0.0,0.0
Moisés Caicedo,ECU,MF,Brighton,19,2001,8,8,660,7.3,1,1,2,1,0,0,2,0,0.8,0.8,0.3,1.1
Dominic Calvert-Lewin,ENG,FW,Everton,24,1997,17,15,1283,14.3,5,2,7,3,2,3,2,0,6.5,4.2,1.6,5.7
Chem Campbell,WAL,MF,Wolves,18,2002,1,0,13,0.1,0,0,0,0,0,0,0,0,0.0,0.0,0.0,0.0
João Cancelo,POR,DF,Manchester City,27,1994,36,36,3227,35.9,1,7,8,1,0,0,7,0,4.0,4.0,5.4,9.3
Sergi Canós,ESP,"DF,FW",Brentford,24,1997,31,25,2083,23.1,3,2,5,3,0,0,8,1,3.0,3.0,1.7,4.6
Todd Cantwell,ENG,"FW,MF",Norwich City,23,1998,8,5,441,4.9,0,0,0,0,0,0,2,0,0.1,0.1,0.1,0.3
Matty Cash,POL,DF,Aston Villa,23,1997,38,38,3377,37.5,4,3,7,4,0,0,8,0,2.7,2.7,2.8,5.4
Timothy Castagne,BEL,DF,Leicester City,25,1995,27,22,2127,23.6,1,0,1,1,0,0,1,0,0.7,0.7,1.5,2.2
Jonny Castro,ESP,DF,Wolves,27,1994,13,10,1024,11.4,2,0,2,2,0,0,1,0,1.0,1.0,1.3,2.3
Craig Cathcart,NIR,DF,Watford,32,1989,31,27,2396,26.6,0,1,1,0,0,0,3,0,0.2,0.2,1.2,1.4
Edinson Cavani,URU,FW,Manchester Utd,34,1987,15,7,766,8.5,2,1,3,2,0,0,0,0,3.4,3.4,1.2,4.7
Kayky Chagas,BRA,FW,Manchester City,18,2003,1,0,7,0.1,0,0,0,0,0,0,0,0,0.0,0.0,0.0,0.0
Trevoh Chalobah,ENG,DF,Chelsea,22,1999,20,17,1449,16.1,3,1,4,3,0,0,2,0,1.1,1.1,0.3,1.4
Calum Chambers,ENG,DF,Arsenal,26,1995,2,2,170,1.9,0,0,0,0,0,0,0,0,0.1,0.1,0.1,0.2
Calum Chambers,ENG,DF,Aston Villa,26,1995,11,9,831,9.2,1,0,1,1,0,0,1,0,0.2,0.2,0.1,0.3
Daniel Chesters,ENG,MF,West Ham,19,2002,1,0,1,0.0,0,0,0,0,0,0,0,0,0.0,0.0,0.0,0.0
Ben Chilwell,ENG,DF,Chelsea,24,1996,7,6,542,6.0,3,1,4,3,0,0,0,0,0.9,0.9,0.8,1.7
Chiquinho,POR,"DF,FW",Wolves,21,2000,8,1,208,2.3,0,3,3,0,0,0,0,0,0.6,0.6,0.7,1.3
Hamza Choudhury,ENG,"DF,MF",Leicester City,23,1997,6,4,285,3.2,0,0,0,0,0,0,1,0,0.0,0.0,0.0,0.0
Andreas Christensen,DEN,DF,Chelsea,25,1996,19,17,1496,16.6,0,0,0,0,0,0,2,0,0.6,0.6,0.2,0.8
Carney Chukwuemeka,ENG,"MF,FW",Aston Villa,17,2003,12,2,301,3.3,0,1,1,0,0,0,0,0,0.6,0.6,1.0,1.6
Ciaran Clark,IRL,DF,Newcastle Utd,31,1989,13,12,1014,11.3,0,1,1,0,0,0,2,1,1.1,1.1,0.3,1.4
Tom Cleverley,ENG,MF,Watford,31,1989,28,20,1616,18.0,0,2,2,0,0,0,2,0,0.7,0.7,2.1,2.8
Nathaniel Clyne,ENG,DF,Crystal Palace,30,1991,16,15,1351,15.0,0,1,1,0,0,0,1,0,0.1,0.1,0.4,0.5
Conor Coady,ENG,DF,Wolves,28,1993,38,38,3361,37.3,4,0,4,4,0,0,4,0,2.8,2.8,0.1,2.8
Séamus Coleman,IRL,DF,Everton,32,1988,30,30,2656,29.5,1,0,1,1,0,0,4,0,1.2,1.2,0.8,2.0
Nathan Collins,IRL,DF,Burnley,20,2001,19,18,1670,18.6,2,0,2,2,0,0,2,1,1.5,1.5,1.5,3.0
Aaron Connolly,IRL,"FW,MF",Brighton,21,2000,4,1,156,1.7,0,0,0,0,0,0,0,0,0.4,0.4,0.1,0.5
Liam Cooper,SCO,DF,Leeds United,29,1991,21,21,1814,20.2,0,1,1,0,0,0,5,0,0.4,0.4,0.1,0.5
Jack Cork,ENG,MF,Burnley,32,1989,20,20,1670,18.6,1,0,1,1,0,0,4,0,0.7,0.7,0.3,1.0
Maxwel Cornet,CIV,"FW,MF",Burnley,24,1996,26,21,1766,19.6,9,1,10,9,0,1,2,0,6.7,5.9,1.7,7.7
Hélder Costa,ANG,MF,Leeds United,27,1994,1,0,22,0.2,0,0,0,0,0,0,0,0,0.0,0.0,0.0,0.0
Vladimír Coufal,CZE,DF,West Ham,28,1992,28,25,2209,24.5,0,4,4,0,0,0,5,1,0.8,0.8,2.1,2.9
Philippe Coutinho,BRA,"MF,FW",Aston Villa,29,1992,19,16,1329,14.8,5,3,8,5,0,0,0,0,3.8,3.8,2.9,6.7
Aaron Cresswell,ENG,DF,West Ham,31,1989,31,31,2726,30.3,2,3,5,2,0,0,3,0,1.1,1.1,3.2,4.2
Charlie Cresswell,ENG,DF,Leeds United,18,2002,5,1,141,1.6,0,0,0,0,0,0,1,0,0.1,0.1,0.0,0.1
Cucho,COL,"FW,MF",Watford,22,1999,25,11,1147,12.7,5,2,7,5,0,0,3,0,2.5,2.5,1.9,4.3
Marc Cucurella,ESP,DF,Brighton,23,1998,35,35,3089,34.3,1,1,2,1,0,0,6,0,0.7,0.7,2.7,3.4
Luke Cundle,ENG,MF,Wolves,19,2002,4,2,180,2.0,0,0,0,0,0,0,0,0,0.0,0.0,0.2,0.2
Patson Daka,ZAM,FW,Leicester City,22,1998,23,13,1159,12.9,5,3,8,5,0,0,2,0,4.2,4.2,2.0,6.1
Stuart Dallas,NIR,"DF,MF",Leeds United,30,1991,34,34,2919,32.4,1,1,2,1,0,0,5,0,1.9,1.9,2.3,4.1
Diogo Dalot,POR,DF,Manchester Utd,22,1999,24,19,1801,20.0,0,0,0,0,0,0,4,0,0.6,0.6,1.2,1.7
Karl Darlow,ENG,GK,Newcastle Utd,30,1990,8,8,720,8.0,0,0,0,0,0,0,1,0,0.0,0.0,0.0,0.0
Josh Dasilva,ENG,"MF,FW",Brentford,22,1998,9,2,257,2.9,0,0,0,0,0,0,0,1,0.1,0.1,0.1,0.2
Ben Davies,WAL,DF,Tottenham,28,1993,29,28,2538,28.2,1,1,2,1,0,0,6,0,2.3,2.3,0.5,2.9
Tom Davies,ENG,MF,Everton,23,1998,6,2,234,2.6,1,0,1,1,0,0,1,0,0.8,0.8,0.0,0.8
Keinan Davis,ENG,FW,Aston Villa,23,1998,1,0,12,0.1,0,0,0,0,0,0,0,0,0.0,0.0,0.0,0.0
Craig Dawson,ENG,DF,West Ham,31,1990,34,30,2754,30.6,2,2,4,2,0,0,5,1,3.0,3.0,1.0,4.0
Kevin De Bruyne,BEL,MF,Manchester City,30,1991,30,25,2201,24.5,15,8,23,15,0,0,2,0,5.7,5.7,10.4,16.1
Troy Deeney,ENG,FW,Watford,33,1988,2,0,25,0.3,0,0,0,0,0,0,0,0,0.1,0.1,0.1,0.1
Liam Delap,ENG,FW,Manchester City,18,2003,1,0,10,0.1,0,0,0,0,0,0,0,0,0.0,0.0,0.0,0.0
Fabian Delph,ENG,MF,Everton,31,1989,11,8,662,7.4,0,0,0,0,0,0,2,0,0.0,0.0,0.1,0.1
Leander Dendoncker,BEL,MF,Wolves,26,1995,30,21,1950,21.7,2,2,4,2,0,0,4,0,2.2,2.2,1.1,3.3
Emmanuel Dennis,NGA,"FW,MF",Watford,23,1997,33,30,2581,28.7,10,6,16,10,0,0,9,1,7.3,7.3,4.1,11.3
Kiernan Dewsbury-Hall,ENG,MF,Leicester City,22,1998,28,23,2105,23.4,1,2,3,1,0,0,4,0,1.2,1.2,2.7,3.9
Ibrahima Diallo,FRA,MF,Southampton,22,1999,23,10,1023,11.4,0,2,2,0,0,0,1,0,0.4,0.4,1.0,1.5
Rúben Dias,POR,DF,Manchester City,24,1997,29,27,2402,26.7,2,4,6,2,0,0,5,0,2.7,2.7,3.2,5.9
Luis Díaz,COL,FW,Liverpool,24,1997,13,11,958,10.6,4,3,7,4,0,0,0,0,3.6,3.6,2.6,6.2
Eric Dier,ENG,DF,Tottenham,27,1994,35,35,3071,34.1,0,0,0,0,0,0,1,0,1.2,1.2,1.1,2.3
Lucas Digne,FRA,DF,Aston Villa,28,1993,16,16,1269,14.1,0,4,4,0,0,0,2,0,0.5,0.5,2.2,2.7
Lucas Digne,FRA,DF,Everton,28,1993,13,13,1170,13.0,0,0,0,0,0,0,4,0,0.3,0.3,1.4,1.8
Issa Diop,FRA,DF,West Ham,24,1997,13,10,963,10.7,0,1,1,0,0,0,0,0,0.1,0.1,0.4,0.5
Moussa Djenepo,MLI,MF,Southampton,23,1998,12,5,457,5.1,0,0,0,0,0,0,3,0,1.5,1.5,0.3,1.8
Lewis Dobbin,ENG,"FW,MF",Everton,18,2003,3,0,32,0.4,0,0,0,0,0,0,1,0,0.0,0.0,0.0,0.0
Matt Doherty,IRL,DF,Tottenham,29,1992,15,9,875,9.7,2,4,6,2,0,0,0,0,2.5,2.5,2.0,4.5
Gabriel Dos Santos,BRA,DF,Arsenal,23,1997,35,35,3063,34.0,5,0,5,5,0,0,8,1,3.2,3.2,0.7,3.9
Abdoulaye Doucouré,MLI,MF,Everton,28,1993,30,29,2537,28.2,2,4,6,2,0,0,6,0,2.2,2.2,2.0,4.2
Kieran Dowell,ENG,"FW,MF",Norwich City,23,1997,19,11,912,10.1,1,1,2,1,0,0,0,0,1.1,1.1,1.5,2.6
Cody Drameh,ENG,"DF,MF",Leeds United,19,2001,3,1,128,1.4,0,0,0,0,0,0,1,0,0.0,0.0,0.0,0.0
Martin Dúbravka,SVK,GK,Newcastle Utd,32,1989,26,26,2340,26.0,0,0,0,0,0,0,1,0,0.0,0.0,0.0,0.0
Shane Duffy,IRL,DF,Brighton,29,1992,18,15,1436,16.0,1,0,1,1,0,0,7,0,1.0,1.0,0.2,1.2
Paul Dummett,WAL,DF,Newcastle Utd,29,1991,3,2,198,2.2,0,0,0,0,0,0,2,0,0.0,0.0,0.0,0.0
Lewis Dunk,ENG,DF,Brighton,29,1991,29,29,2573,28.6,1,0,1,1,0,0,3,1,1.3,1.3,0.4,1.8
Ederson,BRA,GK,Manchester City,27,1993,37,37,3330,37.0,0,0,0,0,0,0,3,0,0.0,0.0,0.0,0.0
Odsonne Édouard,FRA,FW,Crystal Palace,23,1998,28,18,1564,17.4,6,3,9,5,1,1,4,0,6.4,5.6,1.9,7.5
CJ Egan-Riley,ENG,DF,Manchester City,18,2003,1,0,4,0.0,0,0,0,0,0,0,0,0,0.0,0.0,0.0,0.0
Anthony Elanga,SWE,FW,Manchester Utd,19,2002,21,14,1214,13.5,2,2,4,2,0,0,0,0,2.6,2.6,2.4,5.1
Harvey Elliott,ENG,MF,Liverpool,18,2003,6,4,346,3.8,0,0,0,0,0,0,0,0,0.8,0.8,0.6,1.4
Mohamed Elneny,EGY,MF,Arsenal,29,1992,14,8,806,9.0,0,2,2,0,0,0,1,0,0.2,0.2,0.4,0.6
Mohamed Elyounoussi,NOR,"MF,FW",Southampton,26,1994,30,23,2042,22.7,4,2,6,4,0,0,4,0,5.5,5.5,2.3,7.8
Emerson,BRA,"DF,MF",Tottenham,22,1999,31,26,2286,25.4,1,1,2,1,0,0,5,0,1.5,1.5,2.2,3.6
Christian Eriksen,DEN,MF,Brentford,29,1992,11,10,939,10.4,1,4,5,1,0,0,1,0,1.3,1.3,3.5,4.8
Oghenekaro Etebo,NGA,MF,Watford,25,1995,9,4,401,4.5,0,0,0,0,0,0,3,0,0.1,0.1,0.1,0.2
Jonny Evans,NIR,DF,Leicester City,33,1988,18,16,1348,15.0,1,1,2,1,0,0,3,0,0.6,0.6,0.8,1.4
Eberechi Eze,ENG,"MF,FW",Crystal Palace,23,1998,13,6,605,6.7,1,1,2,1,0,0,1,0,0.4,0.4,0.9,1.3
Łukasz Fabiański,POL,GK,West Ham,36,1985,37,37,3330,37.0,0,0,0,0,0,0,2,0,0.0,0.0,0.0,0.0
Fabinho,BRA,MF,Liverpool,27,1993,29,26,2314,25.7,5,1,6,3,2,2,7,0,3.9,2.4,1.3,3.7
Kiko Femenía,ESP,DF,Watford,30,1991,27,26,2142,23.8,0,5,5,0,0,0,2,0,0.1,0.1,3.6,3.8
Evan Ferguson,IRL,MF,Brighton,16,2004,1,0,23,0.3,0,0,0,0,0,0,0,0,0.0,0.0,0.0,0.0
Nathan Ferguson,ENG,DF,Crystal Palace,20,2000,1,0,9,0.1,0,0,0,0,0,0,0,0,0.0,0.0,0.0,0.0
Bruno Fernandes,POR,MF,Manchester Utd,26,1994,36,35,3111,34.6,10,6,16,10,0,2,10,0,9.7,8.1,9.0,17.1
Álvaro Fernández,ESP,GK,Brentford,23,1998,12,12,1080,12.0,0,0,0,0,0,0,0,0,0.0,0.0,0.0,0.0
Federico Fernández,ARG,DF,Newcastle Utd,32,1989,7,5,523,5.8,0,0,0,0,0,0,0,0,0.4,0.4,0.3,0.7
Fernandinho,BRA,"MF,DF",Manchester City,36,1985,19,10,964,10.7,2,1,3,2,0,0,1,0,1.6,1.6,1.0,2.5
Roberto Firmino,BRA,FW,Liverpool,29,1991,20,10,990,11.0,5,4,9,5,0,0,3,0,4.7,4.7,1.7,6.4
Junior Firpo,ESP,"DF,MF",Leeds United,24,1996,24,19,1711,19.0,0,2,2,0,0,0,11,0,0.9,0.9,1.9,2.8
Ashley Fletcher,ENG,FW,Watford,25,1995,3,0,30,0.3,0,0,0,0,0,0,0,0,0.6,0.6,0.0,0.6
Phil Foden,ENG,FW,Manchester City,21,2000,28,24,2128,23.6,9,5,14,9,0,0,1,0,9.4,9.4,6.3,15.7
Wesley Fofana,FRA,DF,Leicester City,20,2000,7,7,630,7.0,0,0,0,0,0,0,2,0,0.4,0.4,0.0,0.4
Pablo Fornals,ESP,"FW,MF",West Ham,25,1996,36,32,2795,31.1,6,3,9,6,0,0,4,0,4.6,4.6,6.3,10.9
Adam Forshaw,ENG,MF,Leeds United,29,1991,22,17,1530,17.0,0,1,1,0,0,0,5,0,0.5,0.5,1.0,1.5
Marcus Forss,FIN,"FW,MF",Brentford,22,1999,7,1,209,2.3,0,1,1,0,0,0,0,0,0.3,0.3,0.2,0.6
Fraser Forster,ENG,GK,Southampton,33,1988,19,19,1710,19.0,0,0,0,0,0,0,1,0,0.0,0.0,0.0,0.0
Ben Foster,ENG,GK,Watford,38,1983,26,26,2340,26.0,0,1,1,0,0,0,0,0,0.0,0.0,0.1,0.1
Tariqe Fosu,GHA,DF,Brentford,25,1995,1,0,17,0.2,0,0,0,0,0,0,0,0,0.0,0.0,0.0,0.0
Ryan Fraser,SCO,"FW,MF",Newcastle Utd,27,1994,27,18,1465,16.3,2,3,5,2,0,0,3,0,2.7,2.7,2.1,4.7
Fred,BRA,MF,Manchester Utd,28,1993,28,24,2028,22.5,4,4,8,4,0,0,5,0,1.3,1.3,2.2,3.5
Ryan Fredericks,ENG,DF,West Ham,28,1992,7,3,307,3.4,0,0,0,0,0,0,1,0,0.0,0.0,0.1,0.1
Leo Fuhr Hjelde,NOR,"MF,DF",Leeds United,17,2003,2,0,150,1.7,0,0,0,0,0,0,0,0,0.0,0.0,0.0,0.0
Conor Gallagher,ENG,MF,Crystal Palace,21,2000,34,33,2845,31.6,8,3,11,8,0,0,10,0,6.3,6.3,3.1,9.4
Alejandro Garnacho,ESP,"FW,MF",Manchester Utd,17,2004,2,0,13,0.1,0,0,0,0,0,0,0,0,0.0,0.0,0.0,0.0
Dwight Gayle,ENG,"FW,DF",Newcastle Utd,30,1990,8,0,38,0.4,0,0,0,0,0,0,1,0,0.6,0.6,0.3,0.9
Jean-Philippe Gbamin,CIV,MF,Everton,25,1995,3,1,67,0.7,0,0,0,0,0,0,0,0,0.0,0.0,0.0,0.0
David de Gea,ESP,GK,Manchester Utd,30,1990,38,38,3420,38.0,0,0,0,0,0,0,0,0,0.0,0.0,0.0,0.0
Joe Gelhardt,ENG,"FW,MF",Leeds United,19,2002,20,5,746,8.3,2,2,4,2,0,0,4,0,3.0,3.0,1.6,4.6
Anwar El Ghazi,NED,"FW,MF",Aston Villa,26,1995,9,4,386,4.3,1,1,2,0,1,1,2,0,1.1,0.3,0.4,0.7
Anwar El Ghazi,NED,"FW,MF",Everton,26,1995,2,0,13,0.1,0,0,0,0,0,0,0,0,0.0,0.0,0.0,0.0
Saman Ghoddos,IRN,"MF,DF",Brentford,27,1993,17,4,536,6.0,1,1,2,1,0,0,2,0,0.5,0.5,1.2,1.7
Dimitris Giannoulis,GRE,DF,Norwich City,25,1995,18,14,1169,13.0,0,1,1,0,0,0,2,0,0.1,0.1,0.6,0.7
Morgan Gibbs-White,ENG,"DF,FW",Wolves,21,2000,2,0,9,0.1,0,0,0,0,0,0,1,0,0.1,0.1,0.0,0.1
Ben Gibson,ENG,DF,Norwich City,28,1993,28,28,2494,27.7,0,0,0,0,0,0,5,1,1.4,1.4,0.2,1.5
Billy Gilmour,SCO,MF,Norwich City,20,2001,24,21,1855,20.6,0,1,1,0,0,0,2,0,0.9,0.9,1.4,2.3
Ben Godfrey,ENG,DF,Everton,23,1998,23,23,2029,22.5,0,0,0,0,0,0,6,0,1.4,1.4,0.8,2.2
André Gomes,POR,MF,Everton,28,1993,14,7,619,6.9,0,1,1,0,0,0,3,0,0.7,0.7,0.2,0.8
Toti Gomes,POR,DF,Wolves,22,1999,4,4,360,4.0,0,0,0,0,0,0,1,0,0.0,0.0,0.0,0.0
Joe Gomez,ENG,DF,Liverpool,24,1997,8,4,331,3.7,0,1,1,0,0,0,2,0,0.0,0.0,0.8,0.8
Charlie Goode,ENG,DF,Brentford,25,1995,6,4,450,5.0,0,0,0,0,0,0,3,0,0.1,0.1,1.0,1.0
Anthony Gordon,ENG,"MF,FW",Everton,20,2001,35,25,2285,25.4,4,2,6,4,0,0,4,0,3.5,3.5,3.8,7.3
Kaide Gordon,ENG,FW,Liverpool,16,2004,1,0,9,0.1,0,0,0,0,0,0,0,0,0.4,0.4,0.0,0.4
Dan Gosling,ENG,MF,Watford,31,1990,4,2,166,1.8,1,0,1,1,0,0,0,0,0.2,0.2,0.0,0.3
Demarai Gray,ENG,"MF,FW",Everton,25,1996,34,28,2338,26.0,5,4,9,5,0,0,3,0,4.0,4.0,3.6,7.6
Jack Grealish,ENG,FW,Manchester City,25,1995,26,22,1914,21.3,3,3,6,3,0,0,3,0,5.3,5.3,6.0,11.3
Mason Greenwood,ENG,"FW,MF",Manchester Utd,19,2001,18,16,1271,14.1,5,1,6,5,0,0,1,0,4.3,4.3,1.8,6.1
Sam Greenwood,ENG,"MF,FW",Leeds United,19,2002,7,1,237,2.6,0,2,2,0,0,0,0,0,0.3,0.3,0.2,0.5
Pascal Groß,GER,"MF,DF",Brighton,30,1991,29,24,2038,22.6,2,4,6,2,0,1,1,0,2.9,2.1,5.5,7.7
Vicente Guaita,ESP,GK,Crystal Palace,34,1987,30,30,2655,29.5,0,0,0,0,0,0,2,0,0.0,0.0,0.0,0.0
Marc Guéhi,ENG,DF,Crystal Palace,21,2000,36,36,3222,35.8,2,1,3,2,0,0,4,0,2.5,2.5,1.3,3.8
Bruno Guimarães,BRA,MF,Newcastle Utd,23,1997,17,11,1034,11.5,5,1,6,5,0,0,4,0,3.1,3.1,1.1,4.2
İlkay Gündoğan,GER,MF,Manchester City,30,1990,27,20,1857,20.6,8,4,12,8,0,0,1,0,9.0,9.0,4.9,13.9
Angus Gunn,ENG,GK,Norwich City,25,1996,9,9,810,9.0,0,0,0,0,0,0,0,0,0.0,0.0,0.0,0.0
Grant Hanley,SCO,DF,Norwich City,29,1991,33,33,2897,32.2,1,0,1,1,0,0,2,0,2.1,2.1,0.9,3.0
Jack Harrison,ENG,"FW,MF",Leeds United,24,1996,35,32,2639,29.3,8,1,9,8,0,0,3,0,4.4,4.4,3.2,7.6
Kortney Hause,ENG,DF,Aston Villa,26,1995,7,4,397,4.4,1,0,1,1,0,0,0,0,0.1,0.1,0.0,0.1
Kai Havertz,GER,"FW,MF",Chelsea,22,1999,29,22,1809,20.1,8,3,11,8,0,0,3,0,8.7,8.7,2.2,10.9
Isaac Hayden,ENG,"MF,DF",Newcastle Utd,26,1995,14,12,1002,11.1,1,0,1,1,0,0,5,0,0.4,0.4,0.0,0.5
Hwang Hee-chan,KOR,"FW,MF",Wolves,25,1996,30,20,1816,20.2,5,1,6,5,0,0,2,0,4.4,4.4,1.3,5.8
Jordan Henderson,ENG,MF,Liverpool,31,1990,35,29,2597,28.9,2,5,7,2,0,0,3,0,1.5,1.5,3.5,5.0
Jeff Hendrick,IRL,MF,Newcastle Utd,29,1992,3,0,72,0.8,1,0,1,1,0,0,0,0,0.1,0.1,0.0,0.1
Wayne Hennessey,WAL,GK,Burnley,34,1987,2,2,180,2.0,0,0,0,0,0,0,0,0,0.0,0.0,0.2,0.2
Rico Henry,ENG,DF,Brentford,24,1997,34,33,2776,30.8,3,0,3,3,0,0,2,0,1.5,1.5,1.7,3.3
Son Heung-min,KOR,"MF,FW",Tottenham,29,1992,35,35,3006,33.4,23,7,30,23,0,0,2,0,15.9,15.9,7.5,23.4
Ki-Jana Hoever,NED,"DF,MF",Wolves,19,2002,8,4,308,3.4,0,0,0,0,0,0,1,0,0.0,0.0,0.1,0.1
Rob Holding,ENG,DF,Arsenal,25,1995,15,9,845,9.4,1,0,1,1,0,0,4,1,0.4,0.4,0.0,0.4
Mason Holgate,ENG,DF,Everton,24,1996,25,23,2134,23.7,2,1,3,2,0,0,7,1,1.3,1.3,0.1,1.4
Callum Hudson-Odoi,ENG,"MF,FW",Chelsea,20,2000,15,11,962,10.7,1,2,3,1,0,0,1,0,2.5,2.5,2.1,4.6
Will Hughes,ENG,MF,Crystal Palace,26,1995,16,13,1053,11.7,0,1,1,0,0,0,6,0,0.1,0.1,0.6,0.8
Pierre Højbjerg,DEN,MF,Tottenham,25,1995,36,36,3196,35.5,2,2,4,2,0,0,3,0,1.9,1.9,2.3,4.2
Adam Idah,IRL,"FW,MF",Norwich City,20,2001,17,6,625,6.9,1,1,2,1,0,0,0,0,2.3,2.3,0.6,2.9
Kelechi Iheanacho,NGA,FW,Leicester City,24,1996,26,13,1264,14.0,4,5,9,4,0,0,1,0,3.6,3.6,2.5,6.1
Danny Ings,ENG,FW,Aston Villa,29,1992,30,22,1898,21.1,7,6,13,6,1,1,4,0,7.1,6.3,1.6,8.0
Tim Iroegbunam,ENG,MF,Aston Villa,18,2003,3,1,92,1.0,0,0,0,0,0,0,1,0,0.1,0.1,0.0,0.1
Alex Iwobi,NGA,"MF,DF",Everton,25,1996,28,22,2035,22.6,2,2,4,2,0,0,1,0,2.3,2.3,2.6,4.9
Daniel James,WAL,FW,Manchester Utd,23,1997,2,2,126,1.4,0,0,0,0,0,0,0,0,0.2,0.2,0.3,0.6
Daniel James,WAL,"FW,MF",Leeds United,23,1997,32,29,2366,26.3,4,4,8,4,0,0,7,1,6.1,6.1,2.9,8.9
Reece James,ENG,DF,Chelsea,21,1999,26,22,1864,20.7,5,9,14,5,0,0,4,1,3.1,3.1,5.9,9.1
Vitaly Janelt,GER,MF,Brentford,23,1998,31,27,2298,25.5,4,0,4,4,0,0,3,0,2.4,2.4,1.9,4.2
Pontus Jansson,SWE,DF,Brentford,30,1991,37,37,3321,36.9,3,1,4,3,0,0,7,0,3.0,3.0,0.3,3.3
Mathias Jensen,DEN,MF,Brentford,25,1996,31,19,1601,17.8,0,1,1,0,0,0,0,0,2.9,2.9,3.2,6.2
Gabriel Jesus,BRA,FW,Manchester City,24,1997,28,21,1877,20.9,8,8,16,7,1,1,1,0,9.8,9.0,5.7,14.7
Raúl Jiménez,MEX,FW,Wolves,30,1991,34,30,2631,29.2,6,4,10,5,1,1,9,2,6.1,5.4,3.1,8.5
João Pedro,BRA,"FW,MF",Watford,19,2001,28,15,1644,18.3,3,1,4,3,0,0,1,0,3.6,3.6,2.8,6.3
Joelinton,BRA,"MF,FW",Newcastle Utd,24,1996,35,30,2558,28.4,4,1,5,4,0,0,8,0,3.3,3.3,1.9,5.2
Ben Johnson,ENG,DF,West Ham,21,2000,20,16,1397,15.5,1,0,1,1,0,0,1,0,0.2,0.2,0.6,0.7
Curtis Jones,ENG,MF,Liverpool,20,2001,15,10,851,9.5,1,1,2,1,0,0,0,0,0.9,0.9,0.6,1.5
Phil Jones,ENG,DF,Manchester Utd,29,1992,4,2,163,1.8,0,0,0,0,0,0,0,0,0.0,0.0,0.0,0.0
Jorginho,ITA,MF,Chelsea,29,1991,29,26,2273,25.3,6,2,8,0,6,7,5,0,5.8,0.3,2.7,3.0
Diogo Jota,POR,FW,Liverpool,24,1996,35,27,2364,26.3,15,4,19,15,0,0,3,0,16.3,16.3,5.8,22.0
James Justin,ENG,DF,Leicester City,23,1998,13,11,998,11.1,0,0,0,0,0,0,0,0,0.3,0.3,1.0,1.3
Mathias Jørgensen,DEN,DF,Brentford,31,1990,8,6,518,5.8,1,0,1,1,0,0,2,0,0.1,0.1,0.3,0.4
Ozan Kabak,TUR,DF,Norwich City,21,2000,11,11,922,10.2,0,0,0,0,0,0,2,0,0.3,0.3,0.0,0.3
Christian Kabasele,BEL,DF,Watford,30,1991,16,12,1193,13.3,0,0,0,0,0,0,0,0,0.9,0.9,0.2,1.0
Samuel Kalu,NGA,FW,Watford,23,1997,4,2,222,2.5,0,0,0,0,0,0,0,0,0.4,0.4,0.1,0.5
Hassane Kamara,CIV,DF,Watford,27,1994,19,18,1623,18.0,1,0,1,1,0,0,5,1,0.2,0.2,0.6,0.8
Harry Kane,ENG,FW,Tottenham,28,1993,37,36,3232,35.9,17,9,26,13,4,4,5,0,18.6,15.4,9.1,24.5
N'Golo Kanté,FRA,MF,Chelsea,30,1991,26,21,1773,19.7,2,4,6,2,0,0,2,0,1.5,1.5,2.1,3.6
Edo Kayembe,COD,MF,Watford,23,1998,13,9,799,8.9,0,0,0,0,0,0,0,0,0.1,0.1,0.3,0.5
Moise Kean,ITA,FW,Everton,21,2000,1,0,1,0.0,0,0,0,0,0,0,0,0,0.0,0.0,0.0,0.0
Michael Keane,ENG,DF,Everton,28,1993,32,31,2792,31.0,3,2,5,3,0,0,4,1,1.2,1.2,1.6,2.8
Naby Keïta,GUI,MF,Liverpool,26,1995,23,14,1173,13.0,3,1,4,3,0,0,3,0,2.2,2.2,1.9,4.1
Caoimhín Kelleher,IRL,GK,Liverpool,22,1998,2,2,180,2.0,0,0,0,0,0,0,0,0,0.0,0.0,0.0,0.0
Kenedy,BRA,DF,Chelsea,25,1996,1,1,58,0.6,0,1,1,0,0,0,0,0,0.0,0.0,0.6,0.6
Jonjoe Kenny,ENG,DF,Everton,24,1997,15,11,1018,11.3,0,1,1,0,0,0,3,1,0.2,0.2,0.8,1.0
Max Kilman,ENG,DF,Wolves,24,1997,30,30,2687,29.9,1,0,1,1,0,0,3,0,1.1,1.1,0.2,1.3
Joshua King,NOR,FW,Watford,29,1992,32,27,2248,25.0,5,3,8,4,1,1,5,0,8.9,8.1,3.8,11.9
Kristoffer Klaesson,NOR,GK,Leeds United,20,2000,1,0,36,0.4,0,0,0,0,0,0,0,0,0.0,0.0,0.0,0.0
Mateusz Klich,POL,MF,Leeds United,31,1990,33,26,2073,23.0,1,2,3,1,0,0,5,0,2.8,2.8,2.2,5.0
Robin Koch,GER,"MF,DF",Leeds United,25,1996,20,17,1574,17.5,0,0,0,0,0,0,3,0,0.8,0.8,0.4,1.2
Sead Kolašinac,BIH,DF,Arsenal,28,1993,2,1,91,1.0,0,0,0,0,0,0,1,0,0.0,0.0,0.0,0.0
Ibrahima Konaté,FRA,DF,Liverpool,22,1999,11,11,990,11.0,0,0,0,0,0,0,2,0,0.2,0.2,0.0,0.2
Ezri Konsa,ENG,DF,Aston Villa,23,1997,29,29,2477,27.5,2,0,2,2,0,0,6,2,1.6,1.6,0.3,1.9
Cheikhou Kouyaté,SEN,MF,Crystal Palace,31,1989,27,23,1974,21.9,0,1,1,0,0,0,3,0,0.5,0.5,0.8,1.3
Mateo Kovačić,CRO,MF,Chelsea,27,1994,25,16,1558,17.3,2,5,7,2,0,0,4,0,1.6,1.6,3.2,4.7
Emil Krafth,SWE,DF,Newcastle Utd,26,1994,20,18,1634,18.2,0,1,1,0,0,0,5,0,0.3,0.3,1.0,1.3
Alex Král,CZE,MF,West Ham,23,1998,1,0,1,0.0,0,0,0,0,0,0,0,0,0.0,0.0,0.0,0.0
Tim Krul,NED,GK,Norwich City,33,1988,29,29,2610,29.0,0,0,0,0,0,0,1,0,0.0,0.0,0.6,0.6
Juraj Kucka,SVK,MF,Watford,34,1987,26,22,1920,21.3,1,1,2,1,0,0,5,1,3.2,3.2,0.9,4.1
Dejan Kulusevski,SWE,"MF,FW",Tottenham,21,2000,18,14,1261,14.0,5,8,13,5,0,0,3,0,2.7,2.7,3.4,6.2
Alexandre Lacazette,FRA,FW,Arsenal,30,1991,30,20,1782,19.8,4,7,11,2,2,3,0,0,8.4,6.0,3.0,9.1
Adam Lallana,ENG,MF,Brighton,33,1988,24,18,1561,17.3,0,1,1,0,0,0,4,0,1.1,1.1,0.9,2.0
Tariq Lamptey,GHA,"DF,FW",Brighton,20,2000,30,16,1561,17.3,0,2,2,0,0,0,4,0,0.8,0.8,2.6,3.4
Manuel Lanzini,ARG,"MF,FW",West Ham,28,1993,30,19,1786,19.8,5,3,8,2,3,3,2,0,3.7,1.3,2.4,3.7
Aymeric Laporte,ESP,DF,Manchester City,27,1994,33,33,2828,31.4,4,0,4,4,0,0,5,1,4.9,4.9,0.6,5.5
Jamaal Lascelles,ENG,DF,Newcastle Utd,27,1993,26,22,2058,22.9,1,0,1,1,0,0,5,0,0.9,0.9,0.4,1.3
Pierre Lees-Melou,FRA,MF,Norwich City,28,1993,33,27,2265,25.2,1,0,1,1,0,0,5,0,1.6,1.6,1.9,3.6
Aaron Lennon,ENG,"MF,FW",Burnley,34,1987,28,17,1551,17.2,2,0,2,2,0,0,2,0,1.1,1.1,0.5,1.6
Bernd Leno,GER,GK,Arsenal,29,1992,4,4,360,4.0,0,0,0,0,0,0,0,0,0.0,0.0,0.0,0.0
Jamal Lewis,NIR,DF,Newcastle Utd,23,1998,5,4,262,2.9,0,0,0,0,0,0,1,0,0.0,0.0,0.0,0.0
Victor Lindelöf,SWE,DF,Manchester Utd,27,1994,28,26,2355,26.2,0,2,2,0,0,0,4,0,0.2,0.2,0.6,0.8
Jesse Lingard,ENG,"FW,MF",Manchester Utd,28,1992,16,2,367,4.1,2,0,2,2,0,0,1,0,0.6,0.6,0.3,1.0
Valentino Livramento,ENG,DF,Southampton,18,2002,28,25,2202,24.5,1,1,2,1,0,0,2,0,1.4,1.4,2.7,4.1
Diego Llorente,ESP,DF,Leeds United,27,1993,28,28,2340,26.0,3,0,3,3,0,0,7,0,1.0,1.0,0.1,1.0
Hugo Lloris,FRA,GK,Tottenham,34,1986,38,38,3420,38.0,0,0,0,0,0,0,2,0,0.0,0.0,0.2,0.2
Giovani Lo Celso,ARG,"MF,FW",Tottenham,25,1996,9,2,238,2.6,0,0,0,0,0,0,0,0,0.6,0.6,0.7,1.3
Jürgen Locadia,NED,"MF,FW",Brighton,27,1993,1,0,23,0.3,0,0,0,0,0,0,0,0,0.2,0.2,0.0,0.2
Ruben Loftus-Cheek,ENG,"MF,DF",Chelsea,25,1996,24,13,1394,15.5,0,2,2,0,0,0,1,0,1.2,1.2,2.4,3.6
Kevin Long,IRL,DF,Burnley,30,1990,6,4,410,4.6,0,0,0,0,0,0,1,0,0.2,0.2,0.0,0.2
Shane Long,IRL,FW,Southampton,34,1987,13,3,308,3.4,1,0,1,1,0,0,1,0,0.9,0.9,0.1,1.0
Sean Longstaff,ENG,MF,Newcastle Utd,23,1997,24,15,1464,16.3,1,1,2,1,0,0,1,0,0.7,0.7,0.8,1.6
Ademola Lookman,NGA,"FW,MF",Leicester City,23,1997,26,16,1453,16.1,6,0,6,6,0,0,2,0,4.5,4.5,1.9,6.4
Jonas Lössl,DEN,GK,Brentford,32,1989,2,2,180,2.0,0,0,0,0,0,0,0,0,0.0,0.0,0.0,0.0
Imran Louza,MAR,MF,Watford,22,1999,20,17,1416,15.7,0,0,0,0,0,0,6,0,1.2,1.2,1.1,2.3
Matthew Lowton,ENG,DF,Burnley,32,1989,25,20,1772,19.7,1,2,3,1,0,0,3,1,0.7,0.7,2.1,2.8
Douglas Luiz,BRA,MF,Aston Villa,23,1998,34,31,2715,30.2,2,3,5,2,0,0,7,0,2.0,2.0,2.5,4.4
Romelu Lukaku,BEL,FW,Chelsea,28,1993,26,16,1589,17.7,8,0,8,7,1,1,1,0,6.6,5.8,3.0,8.8
Lyanco,BRA,DF,Southampton,24,1997,15,9,911,10.1,0,0,0,0,0,0,2,0,0.3,0.3,0.1,0.4
Alexis Mac Allister,ARG,"MF,FW",Brighton,22,1998,33,22,2123,23.6,5,2,7,3,2,3,4,0,6.3,4.0,1.9,5.9
James Maddison,ENG,"MF,FW",Leicester City,24,1996,35,28,2459,27.3,12,8,20,12,0,0,3,0,7.5,7.5,5.1,12.7
Harry Maguire,ENG,DF,Manchester Utd,28,1993,30,28,2515,27.9,1,0,1,1,0,0,9,1,1.9,1.9,0.1,2.1
Riyad Mahrez,ALG,FW,Manchester City,30,1991,28,15,1498,16.6,11,5,16,7,4,5,0,0,10.1,6.2,4.2,10.4
Ainsley Maitland-Niles,ENG,MF,Arsenal,23,1997,8,2,268,3.0,0,0,0,0,0,0,0,0,0.1,0.1,0.3,0.3
Sadio Mané,SEN,FW,Liverpool,29,1992,34,32,2819,31.3,16,2,18,16,0,0,5,0,17.2,17.2,5.2,22.5
Javier Manquillo,ESP,DF,Newcastle Utd,27,1994,19,15,1257,14.0,1,2,3,1,0,0,5,0,0.3,0.3,0.3,0.6
Fernando Marçal,BRA,"MF,DF",Wolves,32,1989,18,17,1449,16.1,0,0,0,0,0,0,3,0,0.4,0.4,0.6,1.0
Solly March,ENG,"DF,FW",Brighton,27,1994,31,17,1746,19.4,0,2,2,0,0,0,1,0,1.2,1.2,2.3,3.5
Pablo Marí,ESP,DF,Arsenal,27,1993,2,2,180,2.0,0,0,0,0,0,0,1,0,0.1,0.1,0.1,0.2
Anthony Martial,FRA,FW,Manchester Utd,25,1995,8,2,212,2.4,1,0,1,1,0,0,0,0,0.7,0.7,0.0,0.7
Martinelli,BRA,"FW,MF",Arsenal,20,2001,29,21,1860,20.7,6,6,12,5,1,1,3,1,7.3,6.6,4.3,11.0
Emiliano Martínez,ARG,GK,Aston Villa,28,1992,36,36,3240,36.0,0,0,0,0,0,0,4,0,0.0,0.0,0.0,0.0
Adam Masina,MAR,DF,Watford,27,1994,15,13,1077,12.0,0,1,1,0,0,0,0,0,0.3,0.3,0.7,1.0
Arthur Masuaku,COD,"DF,FW",West Ham,27,1993,13,6,650,7.2,1,1,2,1,0,0,1,0,0.1,0.1,0.8,0.9
Juan Mata,ESP,MF,Manchester Utd,33,1988,7,2,235,2.6,0,0,0,0,0,0,0,0,0.3,0.3,0.2,0.6
Jean-Philippe Mateta,FRA,FW,Crystal Palace,24,1997,22,13,1145,12.7,5,1,6,5,0,0,2,0,5.8,5.8,1.3,7.1
Nemanja Matić,SRB,MF,Manchester Utd,32,1988,23,16,1382,15.4,0,4,4,0,0,0,3,0,0.2,0.2,2.0,2.2
Joël Matip,CMR,DF,Liverpool,29,1991,31,31,2790,31.0,3,3,6,3,0,0,2,0,3.4,3.4,1.3,4.6
Neal Maupay,FRA,FW,Brighton,24,1996,32,25,2276,25.3,8,2,10,7,1,2,7,0,8.7,7.1,2.4,9.5
Bryan Mbeumo,CMR,FW,Brentford,21,1999,35,34,2905,32.3,4,7,11,3,1,1,4,0,9.3,8.5,3.7,12.2
James McArthur,SCO,MF,Crystal Palace,33,1987,21,15,1439,16.0,0,3,3,0,0,0,4,0,0.3,0.3,1.4,1.7
James Mcatee,ENG,"MF,FW",Manchester City,18,2002,2,0,20,0.2,0,0,0,0,0,0,0,0,0.1,0.1,0.0,0.1
Kasey McAteer,ENG,FW,Leicester City,19,2001,1,0,3,0.0,0,0,0,0,0,0,0,0,0.0,0.0,0.0,0.0
Liam McCarron,SCO,FW,Leeds United,20,2001,1,0,10,0.1,0,0,0,0,0,0,0,0,0.0,0.0,0.0,0.0
Alex McCarthy,ENG,GK,Southampton,31,1989,17,17,1530,17.0,0,0,0,0,0,0,1,0,0.0,0.0,0.0,0.0
John McGinn,SCO,MF,Aston Villa,26,1994,35,35,3090,34.3,3,4,7,3,0,0,8,0,1.5,1.5,5.3,6.8
Stuart McKinstry,SCO,MF,Leeds United,18,2002,1,0,4,0.0,0,0,0,0,0,0,0,0,0.0,0.0,0.0,0.0
Kenny McLean,SCO,MF,Norwich City,29,1992,31,29,2706,30.1,1,0,1,1,0,0,3,0,1.8,1.8,0.8,2.6
Dwight McNeil,ENG,MF,Burnley,21,1999,38,35,3107,34.5,0,1,1,0,0,0,1,0,2.3,2.3,4.6,6.9
Scott McTominay,SCO,MF,Manchester Utd,24,1996,30,28,2387,26.5,1,1,2,1,0,0,9,0,1.4,1.4,1.5,2.9
Ben Mee,ENG,DF,Burnley,31,1989,21,21,1839,20.4,3,0,3,3,0,0,3,0,2.3,2.3,1.0,3.4
Hannibal Mejbri,TUN,FW,Manchester Utd,18,2003,2,1,68,0.8,0,0,0,0,0,0,2,0,0.1,0.1,0.0,0.1
Benjamin Mendy,FRA,DF,Manchester City,27,1994,1,1,78,0.9,0,0,0,0,0,0,0,0,0.0,0.0,0.1,0.1
Edouard Mendy,SEN,GK,Chelsea,29,1992,34,34,3060,34.0,0,0,0,0,0,0,3,0,0.0,0.0,0.0,0.0
Nampalys Mendy,SEN,MF,Leicester City,29,1992,14,12,1032,11.5,0,0,0,0,0,0,3,0,0.0,0.0,0.0,0.0
Illan Meslier,FRA,GK,Leeds United,21,2000,38,38,3384,37.6,0,0,0,0,0,0,2,0,0.0,0.0,0.0,0.0
Luka Milivojević,SRB,MF,Crystal Palace,30,1991,15,9,774,8.6,0,0,0,0,0,0,1,0,0.3,0.3,0.7,1.0
James Milner,ENG,"MF,DF",Liverpool,35,1986,24,9,853,9.5,0,1,1,0,0,0,2,0,0.4,0.4,2.2,2.5
Yerry Mina,COL,DF,Everton,26,1994,13,11,846,9.4,0,0,0,0,0,0,3,0,0.3,0.3,0.0,0.3
Takumi Minamino,JPN,"FW,MF",Liverpool,26,1995,11,1,186,2.1,3,0,3,3,0,0,1,0,1.6,1.6,0.5,2.2
Tyrone Mings,ENG,DF,Aston Villa,28,1993,36,35,3189,35.4,1,3,4,1,0,0,11,0,1.6,1.6,1.6,3.3
Tyrick Mitchell,ENG,DF,Crystal Palace,21,1999,36,35,3101,34.5,0,2,2,0,0,0,1,0,0.2,0.2,1.7,1.9
Jakub Moder,POL,MF,Brighton,22,1999,28,19,1701,18.9,0,3,3,0,0,0,1,0,2.6,2.6,2.2,4.8
Wesley Moraes,BRA,FW,Aston Villa,24,1996,1,0,1,0.0,0,0,0,0,0,0,0,0,0.0,0.0,0.0,0.0
Tyler Morton,ENG,MF,Liverpool,18,2002,2,1,66,0.7,0,0,0,0,0,0,1,0,0.0,0.0,0.0,0.0
Mason Mount,ENG,MF,Chelsea,22,1999,32,27,2363,26.3,11,10,21,10,1,1,4,0,8.0,7.2,6.7,14.0
Lucas Moura,BRA,"FW,MF",Tottenham,28,1992,34,19,1775,19.7,2,6,8,2,0,0,4,0,2.7,2.7,5.0,7.7
João Moutinho,POR,MF,Wolves,34,1986,35,34,2970,33.0,2,1,3,2,0,0,4,0,1.3,1.3,2.7,3.9
Bali Mumba,ENG,DF,Norwich City,19,2001,1,0,45,0.5,0,0,0,0,0,0,0,0,0.0,0.0,0.0,0.0
Jacob Murphy,ENG,"FW,DF",Newcastle Utd,26,1995,33,13,1473,16.4,1,2,3,1,0,0,4,0,2.2,2.2,2.6,4.8
Enock Mwepu,ZAM,MF,Brighton,23,1998,18,12,996,11.1,2,4,6,2,0,0,2,0,2.1,2.1,1.6,3.7
Vitaliy Mykolenko,UKR,DF,Everton,22,1999,13,12,1055,11.7,1,0,1,1,0,0,0,0,0.5,0.5,0.8,1.2
Marvelous Nakamba,ZIM,MF,Aston Villa,27,1994,16,10,904,10.0,0,0,0,0,0,0,5,0,0.0,0.0,0.0,0.0
Wilfred Ndidi,NGA,"MF,DF",Leicester City,24,1996,19,18,1618,18.0,0,0,0,0,0,0,4,0,0.7,0.7,0.0,0.8
Tanguy Ndombele,FRA,MF,Tottenham,24,1996,9,6,484,5.4,1,1,2,1,0,0,1,0,0.4,0.4,0.4,0.8
Reiss Nelson,ENG,FW,Arsenal,21,1999,1,0,20,0.2,0,0,0,0,0,0,0,0,0.1,0.1,0.0,0.1
Pedro Neto,POR,"FW,MF",Wolves,21,2000,13,5,466,5.2,1,1,2,1,0,0,3,0,1.5,1.5,1.0,2.5
Rúben Neves,POR,MF,Wolves,24,1997,33,31,2661,29.6,4,2,6,4,0,0,9,0,1.1,1.1,3.1,4.3
Jeremy Ngakia,ENG,DF,Watford,20,2000,16,9,903,10.0,0,0,0,0,0,0,0,0,0.1,0.1,0.5,0.6
Saúl Ñíguez,ESP,"DF,MF",Chelsea,26,1994,10,5,480,5.3,0,0,0,0,0,0,1,0,0.3,0.3,0.5,0.9
Eddie Nketiah,ENG,FW,Arsenal,22,1999,21,8,835,9.3,5,1,6,5,0,0,3,0,4.4,4.4,2.0,6.4
Nicolas Nkoulou,CMR,DF,Watford,31,1990,3,2,168,1.9,0,0,0,0,0,0,0,0,0.0,0.0,0.0,0.0
Mark Noble,ENG,MF,West Ham,34,1987,11,3,332,3.7,1,0,1,0,1,2,0,0,1.6,0.0,0.0,0.0
Mathias Normann,NOR,MF,Norwich City,25,1996,23,20,1645,18.3,1,2,3,1,0,0,6,0,0.9,0.9,1.8,2.7
Christian Nørgaard,DEN,MF,Brentford,27,1994,35,35,3054,33.9,3,4,7,3,0,0,8,0,3.8,3.8,3.3,7.1
Angelo Ogbonna,ITA,DF,West Ham,33,1988,11,11,921,10.2,1,0,1,1,0,0,1,0,0.3,0.3,0.0,0.3
Michael Olise,FRA,"FW,MF",Crystal Palace,19,2001,26,12,1141,12.7,2,5,7,2,0,0,4,0,1.7,1.7,3.9,5.6
Robin Olsen,SWE,GK,Aston Villa,31,1990,1,1,90,1.0,0,0,0,0,0,0,0,0,0.0,0.0,0.0,0.0
Andrew Omobamidele,IRL,DF,Norwich City,19,2002,5,4,382,4.2,1,0,1,1,0,0,1,0,0.2,0.2,0.0,0.2
Tyler Onyango,ENG,MF,Everton,18,2003,3,0,28,0.3,0,0,0,0,0,0,0,0,0.0,0.0,0.0,0.0
Frank Onyeka,NGA,MF,Brentford,23,1998,20,12,1045,11.6,0,0,0,0,0,0,4,0,0.8,0.8,0.2,1.0
Divock Origi,BEL,FW,Liverpool,26,1995,7,0,133,1.5,3,0,3,3,0,0,0,0,1.5,1.5,0.0,1.5
Alex Oxlade-Chamberlain,ENG,"MF,FW",Liverpool,27,1993,17,9,785,8.7,2,1,3,2,0,0,0,0,1.3,1.3,1.1,2.5
Cole Palmer,ENG,"FW,MF",Manchester City,19,2002,4,1,123,1.4,0,0,0,0,0,0,0,0,0.4,0.4,0.2,0.6
Emerson Palmieri,ITA,DF,Chelsea,26,1994,1,0,5,0.1,0,0,0,0,0,0,0,0,0.0,0.0,0.0,0.0
Thomas Partey,GHA,MF,Arsenal,28,1993,24,23,2028,22.5,2,1,3,2,0,0,6,0,2.8,2.8,1.0,3.8
Nicolas Pépé,CIV,"FW,MF",Arsenal,26,1995,20,5,696,7.7,1,2,3,1,0,0,0,0,2.6,2.6,1.7,4.3
Ricardo Pereira,POR,DF,Leicester City,27,1993,14,13,991,11.0,1,3,4,1,0,0,3,0,0.7,0.7,1.3,2.0
Ayoze Pérez,ESP,"MF,FW",Leicester City,28,1993,14,6,445,4.9,2,3,5,2,0,0,0,1,1.6,1.6,1.6,3.2
Sonny Perkins,ENG,FW,West Ham,17,2004,1,0,4,0.0,0,0,0,0,0,0,0,0,,,,
Romain Perraud,FRA,DF,Southampton,23,1997,20,18,1623,18.0,0,1,1,0,0,0,3,0,0.5,0.5,0.7,1.2
Kalvin Phillips,ENG,MF,Leeds United,25,1995,20,18,1596,17.7,0,1,1,0,0,0,4,0,0.7,0.7,0.7,1.4
Jaden Philogene Bidace,ENG,FW,Aston Villa,19,2002,1,0,5,0.1,0,0,0,0,0,0,0,0,0.0,0.0,0.0,0.0
Jordan Pickford,ENG,GK,Everton,27,1994,35,35,3150,35.0,0,0,0,0,0,0,2,0,0.0,0.0,0.1,0.1
Erik Pieters,NED,DF,Burnley,32,1988,12,8,730,8.1,0,1,1,0,0,0,1,0,0.2,0.2,1.0,1.2
Ethan Pinnock,JAM,DF,Brentford,28,1993,32,32,2694,29.9,1,1,2,1,0,0,1,0,1.2,1.2,1.2,2.4
Daniel Podence,POR,"FW,MF",Wolves,25,1995,26,15,1484,16.5,2,3,5,2,0,0,2,0,2.0,2.0,3.9,5.9
Paul Pogba,FRA,"MF,FW",Manchester Utd,28,1993,20,16,1349,15.0,1,9,10,1,0,0,7,1,2.6,2.6,3.5,6.1
Nick Pope,ENG,GK,Burnley,29,1992,36,36,3240,36.0,0,0,0,0,0,0,1,0,0.0,0.0,0.1,0.1
Isaac Price,NIR,MF,Everton,17,2003,1,0,14,0.2,0,0,0,0,0,0,0,0,0.1,0.1,0.0,0.1
Teemu Pukki,FIN,FW,Norwich City,31,1990,37,37,3253,36.1,11,3,14,8,3,3,4,0,11.4,9.1,3.8,12.9
Christian Pulisic,USA,"MF,FW",Chelsea,22,1998,22,13,1290,14.3,6,2,8,6,0,0,2,0,4.9,4.9,1.3,6.2
Przemysław Płacheta,POL,"FW,MF",Norwich City,23,1998,12,6,504,5.6,0,0,0,0,0,0,1,0,0.4,0.4,0.8,1.1
Jesuran Rak Sakyi,ENG,"FW,MF",Crystal Palace,18,2002,2,1,80,0.9,0,0,0,0,0,0,0,0,0.0,0.0,0.0,0.0
Aaron Ramsdale,ENG,GK,Arsenal,23,1998,34,34,3060,34.0,0,0,0,0,0,0,1,0,0.0,0.0,0.0,0.0
Jacob Ramsey,ENG,MF,Aston Villa,20,2001,34,29,2467,27.4,6,1,7,6,0,0,6,0,4.0,4.0,1.9,5.9
Raphinha,BRA,"FW,MF",Leeds United,24,1996,35,34,2915,32.4,11,3,14,7,4,4,7,0,10.2,7.0,7.5,14.5
Marcus Rashford,ENG,"FW,MF",Manchester Utd,23,1997,25,13,1235,13.7,4,2,6,4,0,0,2,0,2.9,2.9,2.1,5.0
Milot Rashica,KVX,"FW,MF",Norwich City,25,1996,31,25,2229,24.8,1,2,3,1,0,0,0,0,2.6,2.6,2.1,4.7
David Raya,ESP,GK,Brentford,25,1995,24,24,2160,24.0,0,0,0,0,0,0,1,0,0.0,0.0,0.0,0.0
Nathan Redmond,ENG,"MF,FW",Southampton,27,1994,27,20,1833,20.4,1,5,6,1,0,0,0,0,1.7,1.7,3.9,5.6
Sergio Reguilón,ESP,"DF,MF",Tottenham,24,1996,25,22,1916,21.3,2,3,5,2,0,0,4,0,3.0,3.0,3.3,6.4
Declan Rice,ENG,MF,West Ham,22,1999,36,35,3179,35.3,1,4,5,1,0,0,8,0,1.1,1.1,1.7,2.8
Taylor Richards,ENG,MF,Brighton,20,2000,2,0,25,0.3,0,0,0,0,0,0,0,0,0.0,0.0,0.0,0.0
Richarlison,BRA,FW,Everton,24,1997,30,28,2523,28.0,10,5,15,7,3,3,9,0,9.2,6.8,3.6,10.4
Jaïro Riedewald,NED,MF,Crystal Palace,24,1996,3,1,118,1.3,0,0,0,0,0,0,0,0,0.0,0.0,0.1,0.1
Matt Ritchie,SCO,DF,Newcastle Utd,31,1989,18,14,1337,14.9,0,2,2,0,0,0,5,0,0.7,0.7,2.0,2.7
Connor Roberts,WAL,DF,Burnley,25,1995,21,19,1692,18.8,1,1,2,1,0,0,2,0,0.4,0.4,1.2,1.6
Tyler Roberts,WAL,"MF,FW",Leeds United,22,1999,23,7,987,11.0,1,1,2,1,0,0,5,0,2.4,2.4,1.0,3.4
Andrew Robertson,SCO,DF,Liverpool,27,1994,29,29,2537,28.2,3,10,13,3,0,0,5,1,1.4,1.4,5.6,7.0
Joe Rodon,WAL,DF,Tottenham,23,1997,3,0,89,1.0,0,0,0,0,0,0,0,0,0.0,0.0,0.0,0.0
Rodri,ESP,MF,Manchester City,25,1996,33,33,2884,32.0,7,2,9,7,0,0,5,0,2.3,2.3,1.4,3.7
Rodrigo,ESP,"MF,FW",Leeds United,30,1991,31,27,2265,25.2,6,1,7,5,1,1,9,0,4.2,3.5,3.1,6.6
Jay Rodriguez,ENG,FW,Burnley,32,1989,29,13,1382,15.4,2,2,4,2,0,0,3,0,4.8,4.8,2.1,6.9
Mads Roerslev,DEN,DF,Brentford,22,1999,21,12,1240,13.8,1,1,2,1,0,0,1,0,0.4,0.4,0.6,0.9
Cristian Romero,ARG,DF,Tottenham,23,1998,22,21,1844,20.5,1,0,1,1,0,0,8,0,0.5,0.5,0.3,0.7
Oriol Romeu,ESP,MF,Southampton,29,1991,36,34,2889,32.1,2,2,4,2,0,0,9,0,1.4,1.4,2.9,4.3
Cristiano Ronaldo,POR,FW,Manchester Utd,36,1985,30,27,2456,27.3,18,3,21,15,3,3,8,0,17.7,15.4,2.9,18.2
Salomón Rondón,VEN,FW,Everton,31,1989,20,8,790,8.8,1,1,2,1,0,0,3,1,1.8,1.8,0.7,2.6
Danny Rose,ENG,DF,Watford,31,1990,8,7,689,7.7,0,0,0,0,0,0,4,0,0.2,0.2,0.8,1.0
Jon Rowe,ENG,"FW,MF",Norwich City,18,2003,13,0,223,2.5,0,1,1,0,0,0,0,0,0.3,0.3,0.5,0.8
John Ruddy,ENG,GK,Wolves,34,1986,2,1,135,1.5,0,0,0,0,0,0,0,0,0.0,0.0,0.0,0.0
Antonio Rüdiger,GER,DF,Chelsea,28,1993,34,34,3035,33.7,3,0,3,3,0,0,9,0,2.3,2.3,0.7,3.0
Lukas Rupp,GER,MF,Norwich City,30,1991,19,7,769,8.5,0,0,0,0,0,0,0,0,0.7,0.7,1.4,2.0
José Sá,POR,GK,Wolves,28,1993,37,37,3285,36.5,0,1,1,0,0,0,3,0,0.0,0.0,0.9,0.9
Allan Saint-Maximin,FRA,"FW,MF",Newcastle Utd,24,1997,35,31,2804,31.2,5,5,10,5,0,0,6,0,5.2,5.2,4.3,9.5
Romain Saïss,MAR,DF,Wolves,31,1990,31,31,2705,30.1,2,0,2,2,0,0,6,0,2.7,2.7,0.3,3.1
Bukayo Saka,ENG,"FW,MF",Arsenal,19,2001,38,36,2978,33.1,11,7,18,9,2,2,6,0,10.3,8.7,7.5,16.3
Mohamed Salah,EGY,FW,Liverpool,29,1992,35,30,2762,30.7,23,13,36,18,5,6,1,0,22.7,17.8,10.0,27.8
Mohammed Salisu,GHA,DF,Southampton,22,1999,34,33,2972,33.0,0,0,0,0,0,0,10,1,2.0,2.0,0.8,2.7
Albert Sambi Lokonga,BEL,MF,Arsenal,21,1999,19,12,1134,12.6,0,0,0,0,0,0,5,0,0.6,0.6,1.0,1.6
Davinson Sánchez,COL,DF,Tottenham,25,1996,23,17,1631,18.1,2,0,2,2,0,0,4,0,2.1,2.1,0.3,2.4
Robert Sánchez,ESP,GK,Brighton,23,1997,37,37,3329,37.0,0,0,0,0,0,0,3,1,0.0,0.0,0.4,0.4
Jadon Sancho,ENG,"FW,MF",Manchester Utd,21,2000,29,20,1900,21.1,3,3,6,3,0,0,0,0,3.6,3.6,4.1,7.7
Morgan Sanson,FRA,MF,Aston Villa,26,1994,10,3,356,4.0,0,0,0,0,0,0,0,0,0.0,0.0,0.0,0.0
Samir Santos,BRA,DF,Watford,26,1994,19,19,1673,18.6,0,0,0,0,0,0,4,0,0.5,0.5,0.1,0.6
Josh Sargent,USA,"FW,MF",Norwich City,21,2000,26,18,1572,17.5,2,1,3,2,0,0,1,0,2.5,2.5,0.9,3.4
Jeremy Sarmiento,ECU,"FW,MF",Brighton,19,2002,5,1,48,0.5,0,0,0,0,0,0,0,0,0.0,0.0,0.0,0.0
Ismaila Sarr,SEN,"FW,MF",Watford,23,1998,22,21,1861,20.7,5,2,7,5,0,1,2,0,4.8,4.0,2.9,6.9
Malang Sarr,FRA,DF,Chelsea,22,1999,8,6,546,6.1,0,0,0,0,0,0,2,0,0.0,0.0,0.4,0.4
Dane Scarlett,ENG,MF,Tottenham,17,2004,1,0,4,0.0,0,0,0,0,0,0,0,0,0.0,0.0,0.0,0.0
Fabian Schär,SUI,DF,Newcastle Utd,29,1991,25,25,2158,24.0,2,2,4,2,0,0,4,0,1.2,1.2,1.1,2.3
Jeffrey Schlupp,GHA,"MF,FW",Crystal Palace,28,1992,32,20,1851,20.6,4,1,5,4,0,0,1,0,3.4,3.4,1.6,4.9
Kasper Schmeichel,DEN,GK,Leicester City,34,1986,37,37,3330,37.0,0,0,0,0,0,0,2,0,0.0,0.0,0.0,0.0
Ken Sema,SWE,"MF,FW",Watford,27,1993,18,7,852,9.5,0,0,0,0,0,0,1,0,0.1,0.1,1.3,1.4
Nélson Semedo,POR,"MF,DF",Wolves,27,1993,25,25,2131,23.7,0,1,1,0,0,0,1,0,1.6,1.6,1.3,2.9
Ryan Sessegnon,ENG,"DF,MF",Tottenham,21,2000,15,13,1047,11.6,0,2,2,0,0,0,2,0,0.3,0.3,2.7,3.0
Jamie Shackleton,ENG,"DF,MF",Leeds United,21,1999,14,7,709,7.9,0,0,0,0,0,0,4,0,0.2,0.2,0.0,0.2
Luke Shaw,ENG,DF,Manchester Utd,26,1995,20,19,1601,17.8,0,3,3,0,0,0,8,0,0.1,0.1,3.6,3.7
Jonjo Shelvey,ENG,MF,Newcastle Utd,29,1992,24,22,1983,22.0,2,1,3,2,0,0,7,1,0.9,0.9,1.0,1.9
Shola Shoretire,ENG,MF,Manchester Utd,17,2004,1,0,16,0.2,0,0,0,0,0,0,0,0,0.0,0.0,0.0,0.0
Francisco Sierralta,CHI,DF,Watford,24,1997,5,5,427,4.7,0,0,0,0,0,0,0,0,0.1,0.1,0.0,0.1
Bernardo Silva,POR,"MF,FW",Manchester City,26,1994,35,33,2857,31.7,8,4,12,8,0,0,6,0,6.7,6.7,6.5,13.2
Fábio Silva,POR,FW,Wolves,19,2002,22,6,572,6.4,0,0,0,0,0,0,0,0,1.8,1.8,0.2,1.9
Thiago Silva,BRA,DF,Chelsea,36,1984,32,28,2650,29.4,3,0,3,3,0,0,2,0,0.9,0.9,0.2,1.1
Ellis Simms,ENG,FW,Everton,20,2001,1,1,61,0.7,0,0,0,0,0,0,0,0,0.0,0.0,0.0,0.0
Moussa Sissoko,FRA,MF,Watford,31,1989,36,36,3220,35.8,2,1,3,2,0,0,5,0,3.8,3.7,3.1,6.8
Oliver Skipp,ENG,MF,Tottenham,20,2000,18,14,1350,15.0,0,0,0,0,0,0,6,0,0.2,0.2,0.7,1.0
William Smallbone,IRL,"MF,FW",Southampton,21,2000,4,2,133,1.5,0,0,0,0,0,0,0,0,0.1,0.1,0.0,0.1
Emile Smith Rowe,ENG,"MF,FW",Arsenal,21,2000,33,21,1921,21.3,10,2,12,10,0,0,1,0,6.0,6.0,2.0,8.0
Cédric Soares,POR,DF,Arsenal,29,1991,21,16,1486,16.5,1,1,2,1,0,0,3,0,0.6,0.6,1.6,2.1
Tomáš Souček,CZE,MF,West Ham,26,1995,35,34,3062,34.0,5,1,6,5,0,0,3,0,5.5,4.8,2.2,7.0
Boubakary Soumaré,FRA,MF,Leicester City,22,1999,19,12,1102,12.2,0,1,1,0,0,0,0,0,0.4,0.4,0.4,0.7
Çağlar Söyüncü,TUR,DF,Leicester City,25,1996,28,28,2497,27.7,1,0,1,1,0,0,5,0,1.0,1.0,0.1,1.1
Tony Springett,ENG,"MF,FW",Norwich City,18,2002,3,1,141,1.6,0,0,0,0,0,0,1,0,0.2,0.2,0.5,0.7
Jason Steele,ENG,GK,Brighton,30,1990,1,1,90,1.0,0,0,0,0,0,0,0,0,0.0,0.0,0.0,0.0
Jed Steer,ENG,GK,Aston Villa,28,1992,1,1,90,1.0,0,0,0,0,0,0,0,0,0.0,0.0,0.0,0.0
Zack Steffen,USA,GK,Manchester City,26,1995,1,1,90,1.0,0,0,0,0,0,0,0,0,0.0,0.0,0.0,0.0
Dale Stephens,ENG,MF,Burnley,32,1989,3,1,124,1.4,0,0,0,0,0,0,1,0,0.0,0.0,0.0,0.1
Jack Stephens,ENG,DF,Southampton,27,1994,11,9,811,9.0,0,0,0,0,0,0,3,0,0.0,0.0,0.3,0.3
Raheem Sterling,ENG,FW,Manchester City,26,1994,30,23,2128,23.6,13,5,18,11,2,3,1,0,14.0,11.5,5.5,17.0
Finley Stevens,WAL,DF,Brentford,18,2003,1,0,15,0.2,0,0,0,0,0,0,0,0,0.0,0.0,0.1,0.1
John Stones,ENG,DF,Manchester City,27,1994,14,12,1119,12.4,1,0,1,1,0,0,0,0,0.9,0.9,0.2,1.1
Pascal Struijk,NED,"DF,MF",Leeds United,21,1999,29,22,2055,22.8,1,0,1,1,0,0,6,1,1.4,1.4,0.4,1.9
Crysencio Summerville,NED,"MF,FW",Leeds United,19,2001,6,0,130,1.4,0,0,0,0,0,0,0,0,0.2,0.2,0.0,0.3
Jakob Sørensen,DEN,"MF,DF",Norwich City,23,1998,10,6,604,6.7,0,0,0,0,0,0,0,0,0.5,0.5,0.0,0.5
Japhet Tanganga,ENG,DF,Tottenham,22,1999,11,10,735,8.2,0,0,0,0,0,0,4,1,0.4,0.4,0.2,0.7
Matt Targett,ENG,DF,Aston Villa,25,1995,17,17,1431,15.9,1,1,2,1,0,0,2,0,0.5,0.5,1.7,2.2
Matt Targett,ENG,DF,Newcastle Utd,25,1995,16,16,1440,16.0,0,0,0,0,0,0,1,0,0.3,0.3,1.9,2.2
James Tarkowski,ENG,DF,Burnley,28,1992,35,35,3106,34.5,1,2,3,1,0,0,11,0,2.5,2.5,0.5,3.0
Nuno Tavares,POR,DF,Arsenal,21,2000,22,13,1176,13.1,1,1,2,1,0,0,2,0,1.9,1.9,1.1,2.9
Charlie Taylor,ENG,DF,Burnley,27,1993,31,30,2731,30.3,0,3,3,0,0,0,3,0,0.2,0.2,3.8,4.0
Nathan Tella,ENG,"MF,FW",Southampton,22,1999,14,10,804,8.9,0,1,1,0,0,0,2,0,0.6,0.6,0.6,1.2
Alex Telles,BRA,DF,Manchester Utd,28,1992,21,18,1660,18.4,0,4,4,0,0,0,1,0,0.4,0.4,1.9,2.3
Luke Thomas,ENG,DF,Leicester City,20,2001,22,21,1912,21.2,0,1,1,0,0,0,2,0,0.1,0.1,1.3,1.5
Dominic Thompson,ENG,DF,Brentford,21,2000,2,2,146,1.6,0,0,0,0,0,0,0,0,0.1,0.1,0.0,0.1
Youri Tielemans,BEL,MF,Leicester City,24,1997,32,29,2631,29.2,6,4,10,4,2,2,3,0,4.4,2.8,4.2,7.0
Kieran Tierney,SCO,DF,Arsenal,24,1997,22,22,1915,21.3,1,3,4,1,0,0,0,0,0.6,0.6,1.8,2.4
Takehiro Tomiyasu,JPN,DF,Arsenal,22,1998,21,20,1679,18.7,0,1,1,0,0,0,2,0,0.6,0.6,1.0,1.6
James Tomkins,ENG,DF,Crystal Palace,32,1989,8,6,547,6.1,1,0,1,1,0,0,2,0,0.5,0.5,0.2,0.7
Ivan Toney,ENG,FW,Brentford,25,1996,33,32,2909,32.3,12,5,17,7,5,5,8,0,11.4,7.4,5.8,13.3
Ferrán Torres,ESP,FW,Manchester City,21,2000,4,4,303,3.4,2,1,3,2,0,0,0,0,2.8,2.8,0.0,2.8
Cenk Tosun,TUR,MF,Everton,30,1991,1,0,7,0.1,0,0,0,0,0,0,0,0,0.0,0.0,0.0,0.0
Andros Townsend,ENG,"MF,FW",Everton,30,1991,21,17,1455,16.2,3,2,5,2,1,1,3,0,2.2,1.5,3.1,4.5
Adama Traoré,ESP,"FW,MF",Wolves,25,1996,20,10,1067,11.9,1,0,1,1,0,0,0,0,3.0,3.0,1.4,4.4
Bertrand Traoré,BFA,"MF,FW",Aston Villa,25,1995,9,1,220,2.4,0,0,0,0,0,0,0,0,0.3,0.3,0.0,0.3
Trézéguet,EGY,FW,Aston Villa,26,1994,1,0,11,0.1,0,0,0,0,0,0,0,0,0.0,0.0,0.0,0.0
Francisco Trincão,POR,"FW,MF",Wolves,21,1999,28,16,1336,14.8,2,1,3,2,0,0,0,0,3.7,3.7,1.6,5.4
Kieran Trippier,ENG,DF,Newcastle Utd,30,1990,6,5,429,4.8,2,0,2,2,0,0,0,0,0.2,0.2,0.3,0.5
William Troost-Ekong,NGA,DF,Watford,27,1993,17,15,1390,15.4,0,0,0,0,0,0,3,0,0.1,0.1,0.1,0.2
Leandro Trossard,BEL,"FW,MF",Brighton,26,1994,34,32,2805,31.2,8,3,11,7,1,1,2,0,6.7,5.9,4.8,10.7
Kostas Tsimikas,GRE,DF,Liverpool,25,1996,13,9,877,9.7,0,2,2,0,0,0,3,0,0.6,0.6,2.7,3.3
Axel Tuanzebe,ENG,DF,Aston Villa,23,1997,9,6,508,5.6,0,0,0,0,0,0,1,0,0.1,0.1,0.0,0.1
Ozan Tufan,TUR,MF,Watford,26,1995,7,4,334,3.7,0,0,0,0,0,0,0,0,0.6,0.6,0.3,0.9
Christos Tzolis,GRE,"FW,MF",Norwich City,19,2002,14,3,336,3.7,0,0,0,0,0,0,0,0,0.4,0.4,0.7,1.1
Yan Valery,TUN,DF,Southampton,22,1999,5,3,370,4.1,0,0,0,0,0,0,0,0,0.0,0.0,0.1,0.2
Virgil van Dijk,NED,DF,Liverpool,30,1991,34,34,3060,34.0,3,1,4,3,0,0,3,0,2.0,2.0,1.5,3.6
Raphaël Varane,FRA,DF,Manchester Utd,28,1993,22,20,1831,20.3,1,1,2,1,0,0,0,0,0.7,0.7,0.2,0.9
Jamie Vardy,ENG,FW,Leicester City,34,1987,25,20,1806,20.1,15,2,17,15,0,0,2,0,10.8,10.8,1.4,12.2
Joël Veltman,NED,DF,Brighton,29,1992,34,33,2874,31.9,1,1,2,1,0,0,6,0,0.7,0.7,1.6,2.3
Jannik Vestergaard,DEN,DF,Leicester City,28,1992,10,6,567,6.3,0,0,0,0,0,0,2,0,0.1,0.1,0.0,0.1
Nikola Vlašić,CRO,"FW,MF",West Ham,23,1997,19,6,560,6.2,1,0,1,1,0,0,0,0,1.3,1.3,0.6,2.0
Matěj Vydra,CZE,FW,Burnley,29,1992,22,5,679,7.5,2,3,5,2,0,0,1,0,2.9,2.9,0.7,3.7
Theo Walcott,ENG,"MF,FW",Southampton,32,1989,9,5,379,4.2,0,0,0,0,0,0,0,0,0.6,0.6,0.0,0.7
Kyle Walker,ENG,DF,Manchester City,31,1990,20,20,1755,19.5,0,2,2,0,0,0,1,0,0.3,0.3,1.3,1.5
Kyle Walker-Peters,ENG,DF,Southampton,24,1997,32,29,2633,29.3,1,2,3,1,0,0,5,0,1.1,1.1,2.7,3.8
Aaron Wan-Bissaka,ENG,DF,Manchester Utd,23,1997,20,20,1793,19.9,0,0,0,0,0,0,2,0,0.3,0.3,0.9,1.2
Danny Ward,WAL,GK,Leicester City,28,1993,1,1,90,1.0,0,0,0,0,0,0,0,0,0.0,0.0,0.0,0.0
Joel Ward,ENG,DF,Crystal Palace,31,1989,28,27,2487,27.6,0,0,0,0,0,0,8,0,0.3,0.3,0.5,0.8
James Ward-Prowse,ENG,MF,Southampton,26,1994,36,36,3215,35.7,10,5,15,6,4,4,3,1,5.4,2.2,6.5,8.7
Ollie Watkins,ENG,FW,Aston Villa,25,1995,35,33,2952,32.8,11,2,13,10,1,1,7,0,11.6,11.0,3.4,14.4
Adam Webster,ENG,DF,Brighton,26,1995,22,16,1434,15.9,2,0,2,2,0,0,5,0,0.9,0.9,0.0,0.9
Wout Weghorst,NED,FW,Burnley,28,1992,20,17,1450,16.1,2,3,5,2,0,0,3,0,4.8,4.8,1.5,6.2
Danny Welbeck,ENG,"FW,MF",Brighton,30,1990,25,15,1478,16.4,6,2,8,6,0,0,0,0,6.6,6.6,1.2,7.8
Timo Werner,GER,"FW,MF",Chelsea,25,1996,21,15,1283,14.3,4,1,5,4,0,0,1,0,6.8,6.8,0.3,7.1
Ashley Westwood,ENG,MF,Burnley,31,1990,27,26,2287,25.4,0,3,3,0,0,0,7,0,0.6,0.6,4.1,4.7
Ben White,ENG,DF,Arsenal,23,1997,32,32,2880,32.0,0,0,0,0,0,0,3,0,1.0,1.0,1.3,2.3
Brandon Williams,ENG,DF,Norwich City,20,2000,26,23,2120,23.6,0,1,1,0,0,0,8,0,0.2,0.2,1.9,2.2
Neco Williams,WAL,DF,Liverpool,20,2001,1,0,8,0.1,0,1,1,0,0,0,0,0,0.0,0.0,0.7,0.7
Joe Willock,ENG,MF,Newcastle Utd,21,1999,29,24,2038,22.6,2,0,2,2,0,0,0,0,3.2,3.2,1.2,4.4
Callum Wilson,ENG,FW,Newcastle Utd,29,1992,18,16,1386,15.4,8,0,8,6,2,2,4,0,6.2,4.6,0.5,5.1
Harry Winks,ENG,MF,Tottenham,25,1996,19,9,912,10.1,0,1,1,0,0,0,2,0,0.1,0.1,1.5,1.6
Yoane Wissa,COD,FW,Brentford,24,1996,30,12,1284,14.3,7,1,8,7,0,0,0,0,3.1,3.1,0.9,4.0
Chris Wood,NZL,FW,Burnley,29,1991,17,17,1367,15.2,3,0,3,3,0,0,1,0,4.2,4.2,0.5,4.7
Chris Wood,NZL,FW,Newcastle Utd,29,1991,17,15,1327,14.7,2,0,2,1,1,1,0,0,3.1,2.3,1.1,3.4
Freddie Woodman,ENG,GK,Newcastle Utd,24,1997,4,4,360,4.0,0,0,0,0,0,0,0,0,0.0,0.0,0.0,0.0
Granit Xhaka,SUI,"MF,DF",Arsenal,28,1992,27,27,2327,25.9,1,2,3,1,0,0,10,1,1.4,1.4,2.3,3.7
Andriy Yarmolenko,UKR,"FW,MF",West Ham,31,1989,19,1,316,3.5,1,0,1,1,0,0,1,0,0.8,0.8,0.3,1.1
Ashley Young,ENG,"DF,FW",Aston Villa,36,1985,24,10,1250,13.9,0,2,2,0,0,0,2,0,0.4,0.4,1.0,1.4
Nathan Young-Coombes,ENG,MF,Brentford,18,2003,1,0,4,0.0,0,0,0,0,0,0,0,0,0.0,0.0,0.0,0.0
Wilfried Zaha,CIV,FW,Crystal Palace,28,1992,33,31,2760,30.7,14,1,15,9,5,7,6,1,9.5,3.9,5.1,9.0
Christoph Zimmermann,GER,DF,Norwich City,28,1993,3,2,157,1.7,0,0,0,0,0,0,0,0,0.0,0.0,0.0,0.0
Oleksandr Zinchenko,UKR,DF,Manchester City,24,1996,15,10,1047,11.6,0,4,4,0,0,0,0,0,0.5,0.5,2.7,3.2
Hakim Ziyech,MAR,"MF,FW",Chelsea,28,1993,23,14,1319,14.7,4,3,7,4,0,0,3,0,3.4,3.4,2.9,6.3
Kurt Zouma,FRA,DF,West Ham,26,1994,24,24,2078,23.1,1,0,1,1,0,0,1,0,1.1,1.1,0.1,1.2
Martin Ødegaard,NOR,"MF,FW",Arsenal,22,1998,36,32,2785,30.9,7,4,11,7,0,0,4,0,4.8,4.8,6.3,11.1
